<TICKER>,<PER>,<DATE>,<TIME>,<OPEN>,<HIGH>,<LOW>,<CLOSE>,<VOL>
US1.IBM,1,20200714,093100,118.6200000,119.4400000,118.6200000,119.1100000,1495
US1.IBM,1,20200714,093200,119.1100000,119.1100000,118.9300000,118.9300000,800
US1.IBM,1,20200714,093300,118.8800000,119.0900000,118.8800000,119.0900000,305
US1.IBM,1,20200714,093400,118.8300000,118.8400000,118.7500000,118.7500000,700
US1.IBM,1,20200714,093500,118.7000000,118.7000000,118.7000000,118.7000000,100
US1.IBM,1,20200714,093600,118.5800000,118.5800000,118.5800000,118.5800000,100
US1.IBM,1,20200714,093700,118.4000000,118.4000000,118.4000000,118.4000000,322
US1.IBM,1,20200714,093800,118.2200000,118.2800000,117.9600000,118.0300000,1515
US1.IBM,1,20200714,093900,118.0500000,118.0500000,118.0400000,118.0400000,200
US1.IBM,1,20200714,094000,118.0300000,118.5500000,118.0300000,118.5400000,1527
US1.IBM,1,20200714,094100,118.4400000,118.4400000,118.4100000,118.4100000,200
US1.IBM,1,20200714,094200,118.4800000,118.4800000,118.4800000,118.4800000,800
US1.IBM,1,20200714,094400,118.6200000,118.6700000,118.6200000,118.6700000,1000
US1.IBM,1,20200714,094500,118.4500000,118.6300000,118.4500000,118.6300000,876
US1.IBM,1,20200714,094600,118.5700000,118.6800000,118.5700000,118.6700000,900
US1.IBM,1,20200714,094700,118.4900000,118.4900000,118.4900000,118.4900000,200
US1.IBM,1,20200714,094900,118.4400000,118.6600000,118.4400000,118.6600000,300
US1.IBM,1,20200714,095000,118.5900000,118.6500000,118.4000000,118.4500000,1212
US1.IBM,1,20200714,095100,118.4400000,118.4400000,118.2600000,118.2600000,1110
US1.IBM,1,20200714,095200,118.1000000,118.1400000,118.1000000,118.1400000,300
US1.IBM,1,20200714,095300,118.2400000,118.4500000,118.2300000,118.3000000,1000
US1.IBM,1,20200714,095400,118.3400000,118.3400000,118.2100000,118.2800000,1899
US1.IBM,1,20200714,095500,118.3700000,118.4600000,118.3300000,118.4400000,800
US1.IBM,1,20200714,095600,118.2900000,118.5350000,118.1400000,118.3400000,3658
US1.IBM,1,20200714,095700,118.3500000,118.3500000,117.9400000,118.2500000,3747
US1.IBM,1,20200714,095800,118.2100000,118.2600000,118.2000000,118.2000000,400
US1.IBM,1,20200714,095900,118.3700000,118.5000000,118.3700000,118.3900000,1100
US1.IBM,1,20200714,100000,118.3300000,118.5400000,118.3300000,118.4400000,800
US1.IBM,1,20200714,100100,118.3800000,118.5000000,118.3800000,118.4200000,1000
US1.IBM,1,20200714,100200,118.4900000,118.6300000,118.4900000,118.6300000,2800
US1.IBM,1,20200714,100300,118.6800000,118.7000000,118.6000000,118.6700000,1577
US1.IBM,1,20200714,100400,118.5600000,118.6700000,118.4600000,118.6700000,1200
US1.IBM,1,20200714,100500,118.5500000,118.6500000,118.5500000,118.5900000,579
US1.IBM,1,20200714,100600,118.4300000,118.5800000,118.2800000,118.2800000,800
US1.IBM,1,20200714,100700,118.3100000,118.3500000,118.3100000,118.3500000,600
US1.IBM,1,20200714,100800,118.3100000,118.3100000,118.2100000,118.2900000,1600
US1.IBM,1,20200714,100900,118.2800000,118.4700000,118.2600000,118.4600000,1000
US1.IBM,1,20200714,101000,118.5300000,118.5300000,118.4800000,118.5200000,500
US1.IBM,1,20200714,101100,118.6500000,118.8100000,118.6500000,118.7600000,700
US1.IBM,1,20200714,101200,118.7900000,118.8900000,118.7900000,118.8400000,700
US1.IBM,1,20200714,101300,118.8600000,118.9300000,118.8600000,118.8800000,300
US1.IBM,1,20200714,101400,118.9500000,119.1200000,118.9500000,119.0600000,1000
US1.IBM,1,20200714,101500,119.0000000,119.0100000,118.8300000,118.8300000,600
US1.IBM,1,20200714,101600,119.0800000,119.1300000,119.0400000,119.1300000,600
US1.IBM,1,20200714,101700,119.3200000,119.3400000,119.2500000,119.2500000,1100
US1.IBM,1,20200714,101800,119.1600000,119.1900000,119.0500000,119.0500000,700
US1.IBM,1,20200714,101900,119.1100000,119.1700000,119.0800000,119.1700000,500
US1.IBM,1,20200714,102000,119.2900000,119.2900000,119.1400000,119.1400000,200
US1.IBM,1,20200714,102100,119.1400000,119.2100000,119.1400000,119.2100000,300
US1.IBM,1,20200714,102200,119.2300000,119.3800000,119.2300000,119.3800000,300
US1.IBM,1,20200714,102500,119.3900000,119.3900000,119.3300000,119.3300000,400
US1.IBM,1,20200714,102600,119.1900000,119.2700000,119.1600000,119.2700000,300
US1.IBM,1,20200714,102700,119.4800000,119.4800000,119.4200000,119.4200000,300
US1.IBM,1,20200714,102800,119.3200000,119.3200000,119.3200000,119.3200000,100
US1.IBM,1,20200714,102900,119.1600000,119.2400000,119.1600000,119.2400000,300
US1.IBM,1,20200714,103000,119.3200000,119.4000000,119.3200000,119.4000000,300
US1.IBM,1,20200714,103100,119.5300000,119.6600000,119.5300000,119.6600000,400
US1.IBM,1,20200714,103300,119.8000000,119.8000000,119.8000000,119.8000000,100
US1.IBM,1,20200714,103400,119.8000000,119.8900000,119.8000000,119.8700000,1137
US1.IBM,1,20200714,103500,119.8800000,119.8900000,119.8300000,119.8300000,600
US1.IBM,1,20200714,103600,119.8700000,119.8900000,119.7000000,119.8000000,800
US1.IBM,1,20200714,103700,119.6700000,119.6900000,119.6600000,119.6600000,300
US1.IBM,1,20200714,103800,119.8500000,119.8500000,119.8500000,119.8500000,200
US1.IBM,1,20200714,103900,119.8700000,119.8700000,119.7900000,119.7900000,600
US1.IBM,1,20200714,104000,119.8200000,119.8350000,119.7700000,119.7700000,600
US1.IBM,1,20200714,104100,119.8100000,119.8600000,119.8100000,119.8600000,400
US1.IBM,1,20200714,104200,119.8700000,119.8900000,119.8100000,119.8900000,300
US1.IBM,1,20200714,104300,119.9000000,119.9000000,119.9000000,119.9000000,100
US1.IBM,1,20200714,104400,119.9300000,119.9300000,119.9300000,119.9300000,100
US1.IBM,1,20200714,104500,119.6200000,119.6800000,119.6200000,119.6800000,200
US1.IBM,1,20200714,104600,119.7700000,119.7800000,119.6800000,119.6800000,300
US1.IBM,1,20200714,104700,119.7500000,119.7500000,119.7500000,119.7500000,100
US1.IBM,1,20200714,104800,119.6300000,119.6300000,119.6300000,119.6300000,100
US1.IBM,1,20200714,104900,119.7900000,119.7900000,119.6000000,119.6000000,300
US1.IBM,1,20200714,105100,119.4350000,119.4350000,119.4000000,119.4000000,200
US1.IBM,1,20200714,105200,119.4800000,119.4800000,119.4400000,119.4400000,600
US1.IBM,1,20200714,105300,119.5500000,119.5500000,119.5500000,119.5500000,100
US1.IBM,1,20200714,105400,119.5900000,119.5900000,119.5900000,119.5900000,100
US1.IBM,1,20200714,105500,119.5300000,119.5300000,119.5300000,119.5300000,100
US1.IBM,1,20200714,105600,119.4600000,119.4600000,119.3750000,119.3900000,400
US1.IBM,1,20200714,105700,119.3800000,119.3800000,119.2000000,119.2000000,300
US1.IBM,1,20200714,105800,119.2500000,119.2700000,119.2500000,119.2700000,200
US1.IBM,1,20200714,105900,119.3100000,119.3100000,119.3100000,119.3100000,100
US1.IBM,1,20200714,110000,119.2500000,119.4500000,119.2500000,119.4500000,700
US1.IBM,1,20200714,110100,119.4400000,119.4400000,119.3500000,119.3700000,600
US1.IBM,1,20200714,110200,119.3700000,119.4400000,119.3700000,119.3900000,500
US1.IBM,1,20200714,110300,119.3800000,119.4100000,119.3500000,119.4100000,400
US1.IBM,1,20200714,110400,119.5200000,119.5800000,119.5200000,119.5800000,300
US1.IBM,1,20200714,110500,119.6600000,119.7100000,119.6600000,119.7100000,450
US1.IBM,1,20200714,110600,119.5300000,119.5300000,119.4500000,119.4600000,600
US1.IBM,1,20200714,110700,119.4800000,119.5600000,119.4800000,119.5600000,700
US1.IBM,1,20200714,110800,119.5200000,119.7500000,119.5200000,119.7100000,800
US1.IBM,1,20200714,110900,119.7300000,119.7300000,119.6600000,119.6800000,600
US1.IBM,1,20200714,111000,119.8000000,119.8000000,119.7300000,119.7300000,400
US1.IBM,1,20200714,111100,119.7500000,119.7800000,119.7500000,119.7800000,200
US1.IBM,1,20200714,111200,119.8650000,119.9500000,119.7900000,119.7900000,1300
US1.IBM,1,20200714,111300,119.7600000,119.7900000,119.7600000,119.7900000,600
US1.IBM,1,20200714,111400,119.6400000,119.7200000,119.6400000,119.6600000,700
US1.IBM,1,20200714,111500,119.7100000,119.7800000,119.7100000,119.7200000,1200
US1.IBM,1,20200714,111600,119.7550000,119.8400000,119.7550000,119.8100000,300
US1.IBM,1,20200714,111700,119.6000000,119.6000000,119.5800000,119.5800000,400
US1.IBM,1,20200714,111800,119.7400000,119.8000000,119.7400000,119.8000000,600
US1.IBM,1,20200714,111900,119.7800000,119.8900000,119.7800000,119.8500000,400
US1.IBM,1,20200714,112000,119.7700000,119.7700000,119.7700000,119.7700000,100
US1.IBM,1,20200714,112100,119.6850000,119.7900000,119.6850000,119.7300000,400
US1.IBM,1,20200714,112200,119.6000000,119.6000000,119.5850000,119.5850000,200
US1.IBM,1,20200714,112300,119.5650000,119.5650000,119.5300000,119.5300000,200
US1.IBM,1,20200714,112400,119.5000000,119.5000000,119.5000000,119.5000000,100
US1.IBM,1,20200714,112600,119.4100000,119.4300000,119.4100000,119.4300000,200
US1.IBM,1,20200714,112700,119.4500000,119.4500000,119.3400000,119.3700000,698
US1.IBM,1,20200714,112800,119.4500000,119.4500000,119.4500000,119.4500000,100
US1.IBM,1,20200714,112900,119.4300000,119.4300000,119.3700000,119.3700000,400
US1.IBM,1,20200714,113000,119.3500000,119.3500000,119.3500000,119.3500000,335
US1.IBM,1,20200714,113100,119.2200000,119.2500000,119.2100000,119.2500000,500
US1.IBM,1,20200714,113200,119.3900000,119.3900000,119.3600000,119.3600000,300
US1.IBM,1,20200714,113300,119.3500000,119.4400000,119.3500000,119.4400000,300
US1.IBM,1,20200714,113400,119.6800000,119.6800000,119.6600000,119.6600000,300
US1.IBM,1,20200714,113500,119.5900000,119.5900000,119.5900000,119.5900000,200
US1.IBM,1,20200714,113600,119.5500000,119.5500000,119.5500000,119.5500000,100
US1.IBM,1,20200714,113700,119.5000000,119.5400000,119.4900000,119.5400000,400
US1.IBM,1,20200714,113800,119.5000000,119.5000000,119.5000000,119.5000000,100
US1.IBM,1,20200714,113900,119.5050000,119.5050000,119.5050000,119.5050000,100
US1.IBM,1,20200714,114100,119.6100000,119.6600000,119.6100000,119.6600000,200
US1.IBM,1,20200714,114200,119.6700000,119.6900000,119.6700000,119.6800000,400
US1.IBM,1,20200714,114300,119.7200000,119.7200000,119.7200000,119.7200000,100
US1.IBM,1,20200714,114400,119.6400000,119.6400000,119.5700000,119.6000000,500
US1.IBM,1,20200714,114500,119.6200000,119.6500000,119.6200000,119.6500000,200
US1.IBM,1,20200714,114600,119.6600000,119.7800000,119.6600000,119.7000000,1613
US1.IBM,1,20200714,114700,119.6700000,119.6700000,119.5600000,119.5900000,1000
US1.IBM,1,20200714,114800,119.6000000,119.6000000,119.5750000,119.5750000,300
US1.IBM,1,20200714,114900,119.6700000,119.6700000,119.6700000,119.6700000,100
US1.IBM,1,20200714,115000,119.6600000,119.6600000,119.6600000,119.6600000,100
US1.IBM,1,20200714,115200,119.5700000,119.5700000,119.5700000,119.5700000,100
US1.IBM,1,20200714,115500,119.6800000,119.6900000,119.6500000,119.6500000,500
US1.IBM,1,20200714,115600,119.6800000,119.7900000,119.6800000,119.7800000,700
US1.IBM,1,20200714,115700,119.6700000,119.7100000,119.6600000,119.6600000,301
US1.IBM,1,20200714,115800,119.6600000,119.6600000,119.6600000,119.6600000,100
US1.IBM,1,20200714,115900,119.6900000,119.6900000,119.6900000,119.6900000,100
US1.IBM,1,20200714,120100,119.8000000,119.8600000,119.8000000,119.8600000,200
US1.IBM,1,20200714,120200,119.7550000,119.7800000,119.7400000,119.7800000,300
US1.IBM,1,20200714,120300,119.7800000,119.7800000,119.7800000,119.7800000,237
US1.IBM,1,20200714,120400,119.7800000,119.7800000,119.7100000,119.7300000,600
US1.IBM,1,20200714,120500,119.6900000,119.7400000,119.6900000,119.7400000,300
US1.IBM,1,20200714,120600,119.6400000,119.6400000,119.6400000,119.6400000,400
US1.IBM,1,20200714,120700,119.6200000,119.6200000,119.5200000,119.5200000,1205
US1.IBM,1,20200714,120800,119.4900000,119.4900000,119.4000000,119.4300000,1386
US1.IBM,1,20200714,120900,119.4700000,119.4900000,119.4550000,119.4550000,500
US1.IBM,1,20200714,121000,119.3400000,119.3400000,119.3400000,119.3400000,100
US1.IBM,1,20200714,121200,119.3600000,119.3600000,119.3600000,119.3600000,229
US1.IBM,1,20200714,121600,119.3300000,119.3800000,119.3300000,119.3800000,300
US1.IBM,1,20200714,121700,119.4600000,119.4600000,119.3900000,119.3900000,500
US1.IBM,1,20200714,121800,119.4000000,119.4200000,119.3000000,119.3100000,2300
US1.IBM,1,20200714,121900,119.3100000,119.3700000,119.3050000,119.3700000,1000
US1.IBM,1,20200714,122000,119.3900000,119.4150000,119.3900000,119.4100000,800
US1.IBM,1,20200714,122100,119.4100000,119.4700000,119.4000000,119.4300000,900
US1.IBM,1,20200714,122200,119.4400000,119.4400000,119.4400000,119.4400000,200
US1.IBM,1,20200714,122300,119.4200000,119.4700000,119.4200000,119.4400000,400
US1.IBM,1,20200714,122400,119.4500000,119.4500000,119.4500000,119.4500000,100
US1.IBM,1,20200714,122600,119.3800000,119.3800000,119.3000000,119.3500000,900
US1.IBM,1,20200714,122800,119.3400000,119.3400000,119.3200000,119.3200000,200
US1.IBM,1,20200714,123000,119.3500000,119.3700000,119.3000000,119.3700000,600
US1.IBM,1,20200714,123100,119.4600000,119.4600000,119.4400000,119.4400000,200
US1.IBM,1,20200714,123200,119.4900000,119.4900000,119.4600000,119.4600000,300
US1.IBM,1,20200714,123300,119.4700000,119.4700000,119.4400000,119.4400000,300
US1.IBM,1,20200714,123400,119.3400000,119.3800000,119.3400000,119.3800000,200
US1.IBM,1,20200714,123500,119.3900000,119.4400000,119.3900000,119.4300000,400
US1.IBM,1,20200714,123600,119.4500000,119.4900000,119.4500000,119.4900000,200
US1.IBM,1,20200714,123700,119.5700000,119.5700000,119.5700000,119.5700000,100
US1.IBM,1,20200714,123900,119.4250000,119.4250000,119.4250000,119.4250000,200
US1.IBM,1,20200714,124000,119.4300000,119.4600000,119.4200000,119.4200000,400
US1.IBM,1,20200714,124100,119.5300000,119.5300000,119.5300000,119.5300000,100
US1.IBM,1,20200714,124200,119.5400000,119.5500000,119.5300000,119.5500000,300
US1.IBM,1,20200714,124300,119.5900000,119.6000000,119.5600000,119.5600000,400
US1.IBM,1,20200714,124400,119.5500000,119.6100000,119.5500000,119.6100000,300
US1.IBM,1,20200714,124500,119.5800000,119.5800000,119.4800000,119.4900000,500
US1.IBM,1,20200714,124600,119.6300000,119.6300000,119.5800000,119.6200000,800
US1.IBM,1,20200714,124700,119.6100000,119.6600000,119.6050000,119.6600000,402
US1.IBM,1,20200714,124800,119.6600000,119.7400000,119.6600000,119.7400000,300
US1.IBM,1,20200714,124900,119.7600000,119.7900000,119.7600000,119.7700000,400
US1.IBM,1,20200714,125000,119.7750000,119.7750000,119.7700000,119.7700000,200
US1.IBM,1,20200714,125100,119.8000000,119.8400000,119.7100000,119.7100000,1300
US1.IBM,1,20200714,125200,119.6100000,119.6850000,119.6100000,119.6800000,800
US1.IBM,1,20200714,125300,119.6500000,119.6500000,119.6500000,119.6500000,200
US1.IBM,1,20200714,125400,119.6900000,119.7000000,119.6900000,119.7000000,300
US1.IBM,1,20200714,125500,119.6500000,119.6500000,119.5900000,119.5900000,300
US1.IBM,1,20200714,125600,119.6300000,119.6300000,119.5400000,119.5400000,600
US1.IBM,1,20200714,125700,119.5100000,119.5100000,119.5100000,119.5100000,100
US1.IBM,1,20200714,125800,119.5400000,119.5700000,119.5000000,119.5700000,1000
US1.IBM,1,20200714,125900,119.6000000,119.6000000,119.5500000,119.5500000,400
US1.IBM,1,20200714,130000,119.5300000,119.5700000,119.5300000,119.5700000,300
US1.IBM,1,20200714,130100,119.6100000,119.6100000,119.6000000,119.6000000,300
US1.IBM,1,20200714,130200,119.5300000,119.5400000,119.5000000,119.5100000,500
US1.IBM,1,20200714,130400,119.5500000,119.5500000,119.5500000,119.5500000,100
US1.IBM,1,20200714,130500,119.4700000,119.4700000,119.4700000,119.4700000,100
US1.IBM,1,20200714,130600,119.4700000,119.4700000,119.4700000,119.4700000,100
US1.IBM,1,20200714,130700,119.4500000,119.4500000,119.4200000,119.4200000,200
US1.IBM,1,20200714,130800,119.4900000,119.4900000,119.4600000,119.4600000,200
US1.IBM,1,20200714,130900,119.4500000,119.4700000,119.3300000,119.3300000,700
US1.IBM,1,20200714,131000,119.3500000,119.3600000,119.3500000,119.3600000,200
US1.IBM,1,20200714,131100,119.3000000,119.3000000,119.3000000,119.3000000,100
US1.IBM,1,20200714,131200,119.3600000,119.3800000,119.3600000,119.3800000,322
US1.IBM,1,20200714,131300,119.3700000,119.3700000,119.3700000,119.3700000,100
US1.IBM,1,20200714,131400,119.3700000,119.4000000,119.3700000,119.4000000,300
US1.IBM,1,20200714,131500,119.3400000,119.3400000,119.3200000,119.3200000,300
US1.IBM,1,20200714,131600,119.3700000,119.3700000,119.2800000,119.2800000,400
US1.IBM,1,20200714,131700,119.3000000,119.3000000,119.3000000,119.3000000,100
US1.IBM,1,20200714,131800,119.3000000,119.3000000,119.2400000,119.2400000,500
US1.IBM,1,20200714,131900,119.2150000,119.2600000,119.2150000,119.2600000,300
US1.IBM,1,20200714,132000,119.2400000,119.2800000,119.2400000,119.2800000,400
US1.IBM,1,20200714,132100,119.2700000,119.2700000,119.2700000,119.2700000,200
US1.IBM,1,20200714,132200,119.3200000,119.3400000,119.3000000,119.3200000,600
US1.IBM,1,20200714,132500,119.3100000,119.3100000,119.3100000,119.3100000,100
US1.IBM,1,20200714,132600,119.3500000,119.3600000,119.3500000,119.3600000,200
US1.IBM,1,20200714,132700,119.3300000,119.3300000,119.3300000,119.3300000,200
US1.IBM,1,20200714,132800,119.3400000,119.3400000,119.3400000,119.3400000,200
US1.IBM,1,20200714,132900,119.3600000,119.3600000,119.3600000,119.3600000,100
US1.IBM,1,20200714,133000,119.3000000,119.3000000,119.3000000,119.3000000,500
US1.IBM,1,20200714,133100,119.2700000,119.3400000,119.2700000,119.3400000,300
US1.IBM,1,20200714,133200,119.3700000,119.3800000,119.3700000,119.3700000,400
US1.IBM,1,20200714,133400,119.3900000,119.4100000,119.3900000,119.4100000,400
US1.IBM,1,20200714,133500,119.4400000,119.4400000,119.4000000,119.4100000,700
US1.IBM,1,20200714,133600,119.4200000,119.4400000,119.4200000,119.4200000,600
US1.IBM,1,20200714,133700,119.4500000,119.4500000,119.4200000,119.4200000,300
US1.IBM,1,20200714,133800,119.4000000,119.4000000,119.4000000,119.4000000,400
US1.IBM,1,20200714,133900,119.4100000,119.5000000,119.4100000,119.5000000,700
US1.IBM,1,20200714,134000,119.4900000,119.5000000,119.4800000,119.5000000,300
US1.IBM,1,20200714,134100,119.4800000,119.4900000,119.4800000,119.4900000,200
US1.IBM,1,20200714,134200,119.5400000,119.5500000,119.5400000,119.5500000,300
US1.IBM,1,20200714,134300,119.6100000,119.6300000,119.6100000,119.6300000,200
US1.IBM,1,20200714,134400,119.6400000,119.6400000,119.6400000,119.6400000,200
US1.IBM,1,20200714,134500,119.6600000,119.7000000,119.6600000,119.6800000,300
US1.IBM,1,20200714,134600,119.6300000,119.6800000,119.6200000,119.6800000,990
US1.IBM,1,20200714,134700,119.6700000,119.6700000,119.6300000,119.6300000,200
US1.IBM,1,20200714,134800,119.6300000,119.6300000,119.6300000,119.6300000,100
US1.IBM,1,20200714,134900,119.6600000,119.6700000,119.6600000,119.6700000,200
US1.IBM,1,20200714,135000,119.6600000,119.7000000,119.6600000,119.7000000,400
US1.IBM,1,20200714,135100,119.5850000,119.6000000,119.5800000,119.5900000,400
US1.IBM,1,20200714,135200,119.6200000,119.6400000,119.6200000,119.6300000,700
US1.IBM,1,20200714,135300,119.5800000,119.5800000,119.5800000,119.5800000,100
US1.IBM,1,20200714,135400,119.5500000,119.6000000,119.5500000,119.6000000,200
US1.IBM,1,20200714,135500,119.5900000,119.5900000,119.5000000,119.5000000,300
US1.IBM,1,20200714,135600,119.5300000,119.5600000,119.4500000,119.4500000,1000
US1.IBM,1,20200714,135700,119.4600000,119.4600000,119.4000000,119.4000000,546
US1.IBM,1,20200714,135800,119.3900000,119.3900000,119.3500000,119.3500000,200
US1.IBM,1,20200714,135900,119.2400000,119.2500000,119.0400000,119.2200000,4198
US1.IBM,1,20200714,140000,119.2700000,119.3300000,119.1300000,119.3300000,1400
US1.IBM,1,20200714,140100,119.2700000,119.4300000,119.1800000,119.4300000,1597
US1.IBM,1,20200714,140200,119.4900000,119.5000000,119.4400000,119.5000000,1000
US1.IBM,1,20200714,140300,119.5400000,119.6900000,119.5400000,119.5400000,900
US1.IBM,1,20200714,140400,119.6400000,119.6400000,119.5100000,119.6000000,400
US1.IBM,1,20200714,140500,119.6700000,119.6700000,119.6300000,119.6300000,300
US1.IBM,1,20200714,140600,119.6200000,119.6500000,119.6200000,119.6300000,501
US1.IBM,1,20200714,140700,119.6500000,119.6500000,119.5250000,119.5250000,1146
US1.IBM,1,20200714,140800,119.4600000,119.5500000,119.4600000,119.4900000,600
US1.IBM,1,20200714,140900,119.4500000,119.4500000,119.3800000,119.3800000,600
US1.IBM,1,20200714,141000,119.4300000,119.4300000,119.4300000,119.4300000,100
US1.IBM,1,20200714,141100,119.4750000,119.4800000,119.4700000,119.4700000,400
US1.IBM,1,20200714,141200,119.4500000,119.5300000,119.4500000,119.5200000,400
US1.IBM,1,20200714,141300,119.5000000,119.5000000,119.5000000,119.5000000,100
US1.IBM,1,20200714,141400,119.5000000,119.5050000,119.4800000,119.4800000,800
US1.IBM,1,20200714,141500,119.4800000,119.4800000,119.4800000,119.4800000,100
US1.IBM,1,20200714,141600,119.5500000,119.5900000,119.5200000,119.5900000,700
US1.IBM,1,20200714,141700,119.6050000,119.6050000,119.5700000,119.6000000,300
US1.IBM,1,20200714,141800,119.5900000,119.6200000,119.5700000,119.6200000,700
US1.IBM,1,20200714,141900,119.6300000,119.7000000,119.6300000,119.7000000,500
US1.IBM,1,20200714,142100,119.7100000,119.8100000,119.7100000,119.8100000,350
US1.IBM,1,20200714,142200,119.8000000,119.8000000,119.7800000,119.7800000,200
US1.IBM,1,20200714,142300,119.7600000,119.7600000,119.6700000,119.6800000,623
US1.IBM,1,20200714,142400,119.6500000,119.6500000,119.6500000,119.6500000,200
US1.IBM,1,20200714,142500,119.7200000,119.7400000,119.7200000,119.7400000,300
US1.IBM,1,20200714,142600,119.7100000,119.7100000,119.6600000,119.6600000,615
US1.IBM,1,20200714,142700,119.6500000,119.6500000,119.5900000,119.6200000,800
US1.IBM,1,20200714,142800,119.6200000,119.6200000,119.6200000,119.6200000,300
US1.IBM,1,20200714,143000,119.6300000,119.6300000,119.6000000,119.6000000,300
US1.IBM,1,20200714,143100,119.5900000,119.6700000,119.5900000,119.6500000,700
US1.IBM,1,20200714,143200,119.7300000,119.7300000,119.7300000,119.7300000,100
US1.IBM,1,20200714,143300,119.7100000,119.7100000,119.7000000,119.7000000,200
US1.IBM,1,20200714,143400,119.7300000,119.7300000,119.7300000,119.7300000,100
US1.IBM,1,20200714,143600,119.6400000,119.6700000,119.6100000,119.6400000,800
US1.IBM,1,20200714,143700,119.6800000,119.7100000,119.6500000,119.6500000,700
US1.IBM,1,20200714,143800,119.7400000,119.7500000,119.7000000,119.7000000,600
US1.IBM,1,20200714,143900,119.6500000,119.6500000,119.6200000,119.6400000,500
US1.IBM,1,20200714,144000,119.6400000,119.6600000,119.5800000,119.5800000,500
US1.IBM,1,20200714,144100,119.6500000,119.6600000,119.5900000,119.6200000,400
US1.IBM,1,20200714,144200,119.5900000,119.5900000,119.5200000,119.5500000,300
US1.IBM,1,20200714,144300,119.5600000,119.5600000,119.5600000,119.5600000,100
US1.IBM,1,20200714,144400,119.4400000,119.4500000,119.4400000,119.4500000,400
US1.IBM,1,20200714,144600,119.4600000,119.6000000,119.4600000,119.5700000,500
US1.IBM,1,20200714,144800,119.4600000,119.4600000,119.4100000,119.4200000,600
US1.IBM,1,20200714,144900,119.4000000,119.4000000,119.3900000,119.3900000,600
US1.IBM,1,20200714,145000,119.3400000,119.4100000,119.3400000,119.4100000,600
US1.IBM,1,20200714,145100,119.4100000,119.4200000,119.4100000,119.4200000,200
US1.IBM,1,20200714,145200,119.4400000,119.5400000,119.4400000,119.5200000,400
US1.IBM,1,20200714,145300,119.5700000,119.5900000,119.5700000,119.5900000,200
US1.IBM,1,20200714,145400,119.6200000,119.6200000,119.6200000,119.6200000,100
US1.IBM,1,20200714,145500,119.6400000,119.6400000,119.6400000,119.6400000,100
US1.IBM,1,20200714,145600,119.5900000,119.6100000,119.5600000,119.6000000,500
US1.IBM,1,20200714,145700,119.6000000,119.6500000,119.6000000,119.6400000,800
US1.IBM,1,20200714,145800,119.6800000,119.6800000,119.6400000,119.6400000,400
US1.IBM,1,20200714,145900,119.6800000,119.7500000,119.6800000,119.7100000,700
US1.IBM,1,20200714,150000,119.6900000,119.7100000,119.6900000,119.7100000,400
US1.IBM,1,20200714,150100,119.7100000,119.7400000,119.6800000,119.7400000,1292
US1.IBM,1,20200714,150200,119.7600000,119.7800000,119.7500000,119.7800000,700
US1.IBM,1,20200714,150300,119.7600000,119.7600000,119.6800000,119.7000000,600
US1.IBM,1,20200714,150400,119.7100000,119.7300000,119.5800000,119.5900000,1300
US1.IBM,1,20200714,150500,119.5400000,119.6000000,119.5300000,119.5800000,800
US1.IBM,1,20200714,150600,119.5100000,119.5500000,119.5100000,119.5100000,500
US1.IBM,1,20200714,150800,119.7000000,119.7000000,119.6700000,119.6700000,200
US1.IBM,1,20200714,150900,119.7400000,119.7400000,119.7400000,119.7400000,100
US1.IBM,1,20200714,151000,119.7350000,119.7400000,119.6800000,119.6800000,300
US1.IBM,1,20200714,151100,119.7400000,119.7400000,119.7400000,119.7400000,100
US1.IBM,1,20200714,151200,119.7500000,119.8000000,119.7300000,119.8000000,500
US1.IBM,1,20200714,151300,119.7300000,119.7500000,119.7300000,119.7500000,200
US1.IBM,1,20200714,151400,119.8000000,119.8000000,119.8000000,119.8000000,100
US1.IBM,1,20200714,151500,119.7100000,119.7600000,119.7100000,119.7400000,400
US1.IBM,1,20200714,151600,119.6800000,119.7000000,119.6500000,119.6500000,400
US1.IBM,1,20200714,151700,119.6700000,119.6800000,119.6700000,119.6800000,200
US1.IBM,1,20200714,151800,119.6500000,119.6900000,119.6500000,119.6900000,400
US1.IBM,1,20200714,151900,119.6900000,119.7300000,119.6700000,119.6700000,600
US1.IBM,1,20200714,152000,119.7600000,119.7600000,119.7400000,119.7400000,200
US1.IBM,1,20200714,152100,119.7600000,119.8500000,119.7600000,119.8500000,1500
US1.IBM,1,20200714,152200,119.8200000,120.0000000,119.8200000,119.9600000,1833
US1.IBM,1,20200714,152300,119.9500000,119.9500000,119.8600000,119.9100000,800
US1.IBM,1,20200714,152400,119.8700000,119.9100000,119.8700000,119.9100000,300
US1.IBM,1,20200714,152500,119.9600000,119.9600000,119.9300000,119.9600000,400
US1.IBM,1,20200714,152600,119.9600000,120.0700000,119.9600000,120.0700000,300
US1.IBM,1,20200714,152700,120.0500000,120.0600000,120.0200000,120.0350000,600
US1.IBM,1,20200714,152800,120.0950000,120.1500000,120.0850000,120.1500000,1100
US1.IBM,1,20200714,152900,120.1500000,120.1950000,120.1500000,120.1800000,700
US1.IBM,1,20200714,153000,120.1500000,120.1700000,120.1000000,120.1000000,400
US1.IBM,1,20200714,153100,120.1200000,120.1700000,120.1100000,120.1300000,1000
US1.IBM,1,20200714,153200,120.1500000,120.2600000,120.1500000,120.2600000,1076
US1.IBM,1,20200714,153300,120.2800000,120.2800000,120.1800000,120.1800000,663
US1.IBM,1,20200714,153400,120.1700000,120.2500000,120.1700000,120.2500000,500
US1.IBM,1,20200714,153500,120.2300000,120.2300000,120.2300000,120.2300000,100
US1.IBM,1,20200714,153600,120.2000000,120.2300000,120.2000000,120.2200000,600
US1.IBM,1,20200714,153700,120.2300000,120.2400000,120.2300000,120.2300000,600
US1.IBM,1,20200714,153800,120.2200000,120.2950000,120.2200000,120.2950000,200
US1.IBM,1,20200714,153900,120.3000000,120.3600000,120.3000000,120.3300000,900
US1.IBM,1,20200714,154000,120.3400000,120.3500000,120.3300000,120.3300000,1300
US1.IBM,1,20200714,154100,120.3100000,120.3150000,120.3000000,120.3150000,300
US1.IBM,1,20200714,154200,120.3600000,120.3900000,120.3200000,120.3700000,700
US1.IBM,1,20200714,154300,120.3500000,120.4500000,120.3500000,120.4200000,858
US1.IBM,1,20200714,154400,120.4300000,120.4300000,120.3900000,120.3900000,800
US1.IBM,1,20200714,154500,120.3700000,120.4000000,120.3300000,120.4000000,1094
US1.IBM,1,20200714,154600,120.3800000,120.3900000,120.3400000,120.3600000,1000
US1.IBM,1,20200714,154700,120.3900000,120.4600000,120.3900000,120.4600000,700
US1.IBM,1,20200714,154800,120.4400000,120.5000000,120.4400000,120.5000000,699
US1.IBM,1,20200714,154900,120.5200000,120.5400000,120.5100000,120.5400000,1099
US1.IBM,1,20200714,155000,120.5400000,120.7300000,120.5000000,120.7300000,5000
US1.IBM,1,20200714,155100,120.7000000,120.8200000,120.7000000,120.7300000,2756
US1.IBM,1,20200714,155200,120.7200000,120.8300000,120.7200000,120.8300000,1200
US1.IBM,1,20200714,155300,120.8500000,120.8500000,120.8100000,120.8100000,2027
US1.IBM,1,20200714,155400,120.7800000,120.8400000,120.7500000,120.8400000,2300
US1.IBM,1,20200714,155500,120.8700000,120.8800000,120.8000000,120.8000000,1900
US1.IBM,1,20200714,155600,120.7800000,120.8300000,120.6900000,120.8300000,1571
US1.IBM,1,20200714,155700,120.8300000,120.8400000,120.6500000,120.6800000,4156
US1.IBM,1,20200714,155800,120.6800000,120.7700000,120.6800000,120.7600000,2700
US1.IBM,1,20200714,155900,120.7500000,120.8500000,120.7500000,120.8300000,3412
US1.IBM,1,20200714,160000,120.8100000,120.8100000,120.6200000,120.6200000,7500
US1.IBM,1,20200715,093100,122.2600000,122.8900000,122.2250000,122.8700000,2621
US1.IBM,1,20200715,093200,122.6000000,122.7500000,122.6000000,122.7500000,283
US1.IBM,1,20200715,093300,122.8800000,123.1000000,122.8800000,123.0900000,2838
US1.IBM,1,20200715,093400,123.0900000,123.2000000,123.0900000,123.1500000,1160
US1.IBM,1,20200715,093500,123.1600000,123.3900000,123.1600000,123.3200000,3719
US1.IBM,1,20200715,093600,123.4100000,123.6400000,123.4100000,123.5700000,1446
US1.IBM,1,20200715,093700,123.5900000,123.7600000,123.3400000,123.3900000,1552
US1.IBM,1,20200715,093800,123.2000000,123.2900000,123.2000000,123.2300000,300
US1.IBM,1,20200715,093900,122.9400000,122.9600000,122.8100000,122.8100000,600
US1.IBM,1,20200715,094000,122.8800000,122.9600000,122.8800000,122.9400000,400
US1.IBM,1,20200715,094100,122.9400000,123.2100000,122.9400000,123.1300000,600
US1.IBM,1,20200715,094200,123.1900000,123.3300000,123.1900000,123.3300000,400
US1.IBM,1,20200715,094300,123.2500000,123.2500000,123.2100000,123.2200000,400
US1.IBM,1,20200715,094400,123.2100000,123.3400000,123.2100000,123.2100000,500
US1.IBM,1,20200715,094500,123.2200000,123.3100000,123.2100000,123.3100000,600
US1.IBM,1,20200715,094600,123.3300000,123.5600000,123.3300000,123.5600000,1200
US1.IBM,1,20200715,094700,123.6600000,123.8600000,123.6600000,123.7400000,2335
US1.IBM,1,20200715,094800,123.7700000,123.7700000,123.7700000,123.7700000,100
US1.IBM,1,20200715,094900,123.7100000,123.7100000,123.7100000,123.7100000,422
US1.IBM,1,20200715,095000,123.5700000,123.6900000,123.5700000,123.6900000,500
US1.IBM,1,20200715,095100,123.6200000,123.6800000,123.6200000,123.6800000,690
US1.IBM,1,20200715,095200,123.6900000,123.8100000,123.6300000,123.8100000,1000
US1.IBM,1,20200715,095300,123.7200000,123.7300000,123.6400000,123.6400000,451
US1.IBM,1,20200715,095400,123.5200000,123.5300000,123.3000000,123.3000000,1400
US1.IBM,1,20200715,095500,123.2500000,123.2500000,123.1700000,123.1900000,600
US1.IBM,1,20200715,095600,123.3800000,123.4500000,123.3000000,123.4500000,2000
US1.IBM,1,20200715,095700,123.4400000,123.4400000,123.4400000,123.4400000,100
US1.IBM,1,20200715,095800,123.5100000,123.5400000,123.5100000,123.5100000,500
US1.IBM,1,20200715,095900,123.4200000,123.4200000,123.4200000,123.4200000,100
US1.IBM,1,20200715,100000,123.3000000,123.3000000,123.3000000,123.3000000,320
US1.IBM,1,20200715,100100,123.0800000,123.1700000,123.0100000,123.1700000,400
US1.IBM,1,20200715,100200,123.1900000,123.2400000,123.1900000,123.2400000,200
US1.IBM,1,20200715,100300,123.3400000,123.4000000,123.3400000,123.3700000,500
US1.IBM,1,20200715,100400,123.3200000,123.3200000,123.1400000,123.1500000,789
US1.IBM,1,20200715,100500,123.1300000,123.1300000,123.1000000,123.1000000,300
US1.IBM,1,20200715,100600,123.1950000,123.1950000,123.1500000,123.1500000,300
US1.IBM,1,20200715,100700,122.9300000,122.9700000,122.9300000,122.9700000,200
US1.IBM,1,20200715,100800,122.9900000,122.9900000,122.9900000,122.9900000,100
US1.IBM,1,20200715,101000,123.1500000,123.1800000,123.0900000,123.0900000,600
US1.IBM,1,20200715,101100,123.0700000,123.0700000,122.9600000,122.9600000,338
US1.IBM,1,20200715,101200,123.0200000,123.0200000,122.7700000,122.8100000,1300
US1.IBM,1,20200715,101300,123.0100000,123.0100000,122.9800000,122.9800000,500
US1.IBM,1,20200715,101400,123.2100000,123.2300000,123.1600000,123.2300000,520
US1.IBM,1,20200715,101500,122.9700000,122.9700000,122.9700000,122.9700000,100
US1.IBM,1,20200715,101600,123.0500000,123.2200000,123.0500000,123.2200000,400
US1.IBM,1,20200715,101700,123.1700000,123.1700000,123.0200000,123.0200000,2100
US1.IBM,1,20200715,101800,123.0500000,123.0500000,123.0500000,123.0500000,200
US1.IBM,1,20200715,101900,123.0500000,123.1500000,123.0500000,123.1500000,1300
US1.IBM,1,20200715,102000,123.1300000,123.1300000,123.1200000,123.1200000,200
US1.IBM,1,20200715,102100,123.1700000,123.1800000,123.1500000,123.1500000,400
US1.IBM,1,20200715,102200,123.1800000,123.1800000,123.0400000,123.0400000,300
US1.IBM,1,20200715,102300,122.9900000,122.9900000,122.9900000,122.9900000,200
US1.IBM,1,20200715,102400,123.0000000,123.0600000,122.9500000,122.9500000,600
US1.IBM,1,20200715,102500,123.0300000,123.0900000,123.0300000,123.0600000,600
US1.IBM,1,20200715,102600,123.0600000,123.0600000,123.0500000,123.0500000,200
US1.IBM,1,20200715,102700,122.9600000,122.9700000,122.9600000,122.9700000,500
US1.IBM,1,20200715,102800,123.0400000,123.1700000,123.0400000,123.1700000,900
US1.IBM,1,20200715,102900,123.2000000,123.2000000,123.1500000,123.1700000,500
US1.IBM,1,20200715,103000,123.1800000,123.3400000,123.1800000,123.3400000,700
US1.IBM,1,20200715,103100,123.3100000,123.3200000,123.3100000,123.3200000,200
US1.IBM,1,20200715,103200,123.3000000,123.4100000,123.3000000,123.4100000,600
US1.IBM,1,20200715,103300,123.4300000,123.4700000,123.4100000,123.4700000,1700
US1.IBM,1,20200715,103400,123.4700000,123.5000000,123.4700000,123.5000000,500
US1.IBM,1,20200715,103500,123.5700000,123.5700000,123.5600000,123.5600000,200
US1.IBM,1,20200715,103600,123.5300000,123.5300000,123.5300000,123.5300000,200
US1.IBM,1,20200715,103700,123.5800000,123.6100000,123.5700000,123.6100000,872
US1.IBM,1,20200715,103800,123.6400000,123.6700000,123.6400000,123.6700000,615
US1.IBM,1,20200715,103900,123.6200000,123.6700000,123.6200000,123.6700000,500
US1.IBM,1,20200715,104000,123.7000000,123.7500000,123.7000000,123.7500000,1148
US1.IBM,1,20200715,104100,123.7500000,123.7800000,123.7500000,123.7800000,500
US1.IBM,1,20200715,104200,123.8100000,123.8100000,123.8100000,123.8100000,100
US1.IBM,1,20200715,104300,123.8100000,123.8100000,123.7400000,123.7400000,1105
US1.IBM,1,20200715,104400,123.7000000,123.7700000,123.7000000,123.7700000,400
US1.IBM,1,20200715,104500,123.8000000,123.8000000,123.7800000,123.7800000,400
US1.IBM,1,20200715,104600,123.7800000,123.7900000,123.6300000,123.7400000,4272
US1.IBM,1,20200715,104700,123.7100000,123.7400000,123.7100000,123.7400000,500
US1.IBM,1,20200715,104800,123.7300000,123.7600000,123.7300000,123.7600000,200
US1.IBM,1,20200715,105000,123.6000000,123.6400000,123.5900000,123.6400000,300
US1.IBM,1,20200715,105100,123.6800000,123.6800000,123.6800000,123.6800000,300
US1.IBM,1,20200715,105200,123.8200000,123.8200000,123.6800000,123.6800000,400
US1.IBM,1,20200715,105300,123.5800000,123.5800000,123.5800000,123.5800000,100
US1.IBM,1,20200715,105400,123.6900000,123.7700000,123.6900000,123.7600000,500
US1.IBM,1,20200715,105500,123.7700000,123.7700000,123.7300000,123.7300000,200
US1.IBM,1,20200715,105600,123.7500000,123.8400000,123.7500000,123.7700000,800
US1.IBM,1,20200715,105700,123.8300000,123.8300000,123.7800000,123.7800000,2887
US1.IBM,1,20200715,105800,123.8000000,123.8500000,123.8000000,123.8500000,300
US1.IBM,1,20200715,105900,123.8700000,123.8800000,123.8400000,123.8450000,795
US1.IBM,1,20200715,110000,123.8500000,123.9050000,123.8500000,123.9050000,300
US1.IBM,1,20200715,110100,123.9200000,123.9600000,123.7700000,123.7700000,863
US1.IBM,1,20200715,110200,123.7100000,123.7100000,123.5400000,123.5700000,1100
US1.IBM,1,20200715,110300,123.5450000,123.6900000,123.5450000,123.6700000,700
US1.IBM,1,20200715,110400,123.6700000,123.6700000,123.6600000,123.6600000,200
US1.IBM,1,20200715,110500,123.6800000,123.7700000,123.6800000,123.7000000,800
US1.IBM,1,20200715,110600,123.6700000,123.7300000,123.5900000,123.5900000,700
US1.IBM,1,20200715,110700,123.5100000,123.5900000,123.5100000,123.5900000,400
US1.IBM,1,20200715,110800,123.5800000,123.6000000,123.4700000,123.4800000,800
US1.IBM,1,20200715,110900,123.5500000,123.5800000,123.4900000,123.5500000,900
US1.IBM,1,20200715,111000,123.5600000,123.5600000,123.5500000,123.5600000,600
US1.IBM,1,20200715,111100,123.5600000,123.6200000,123.5400000,123.5500000,700
US1.IBM,1,20200715,111200,123.4400000,123.4700000,123.4400000,123.4700000,310
US1.IBM,1,20200715,111300,123.5000000,123.5000000,123.5000000,123.5000000,100
US1.IBM,1,20200715,111400,123.4200000,123.4500000,123.4200000,123.4500000,310
US1.IBM,1,20200715,111500,123.4200000,123.5300000,123.4200000,123.5300000,500
US1.IBM,1,20200715,111600,123.4600000,123.4600000,123.4600000,123.4600000,100
US1.IBM,1,20200715,111700,123.3600000,123.4200000,123.3500000,123.3900000,5026
US1.IBM,1,20200715,111800,123.3500000,123.3600000,123.2700000,123.3100000,600
US1.IBM,1,20200715,111900,123.1400000,123.1500000,123.1400000,123.1500000,300
US1.IBM,1,20200715,112000,123.2500000,123.2800000,123.2500000,123.2700000,900
US1.IBM,1,20200715,112100,123.2400000,123.2400000,123.2400000,123.2400000,200
US1.IBM,1,20200715,112200,123.0100000,123.0800000,122.9200000,122.9800000,2200
US1.IBM,1,20200715,112300,122.9300000,123.0500000,122.9300000,122.9900000,800
US1.IBM,1,20200715,112400,122.9100000,123.0000000,122.8700000,123.0000000,700
US1.IBM,1,20200715,112500,122.9900000,122.9900000,122.8500000,122.9100000,700
US1.IBM,1,20200715,112600,122.8200000,122.8500000,122.8200000,122.8500000,400
US1.IBM,1,20200715,112700,122.8400000,123.0100000,122.8400000,123.0000000,900
US1.IBM,1,20200715,112800,123.0500000,123.1900000,123.0500000,123.1900000,700
US1.IBM,1,20200715,112900,123.1600000,123.1600000,123.0600000,123.0600000,1405
US1.IBM,1,20200715,113000,123.0900000,123.1600000,123.0900000,123.1600000,500
US1.IBM,1,20200715,113100,123.1700000,123.1800000,123.1700000,123.1800000,200
US1.IBM,1,20200715,113200,123.1900000,123.2000000,123.1600000,123.2000000,840
US1.IBM,1,20200715,113300,123.1600000,123.2500000,123.1600000,123.2500000,600
US1.IBM,1,20200715,113400,123.2900000,123.3600000,123.2900000,123.3600000,600
US1.IBM,1,20200715,113500,123.1700000,123.1700000,123.1700000,123.1700000,100
US1.IBM,1,20200715,113600,123.1900000,123.1900000,123.1300000,123.1300000,200
US1.IBM,1,20200715,113700,123.1400000,123.1600000,123.1400000,123.1600000,300
US1.IBM,1,20200715,113800,123.2000000,123.2200000,123.2000000,123.2000000,400
US1.IBM,1,20200715,113900,123.1300000,123.1300000,123.0000000,123.0100000,400
US1.IBM,1,20200715,114100,122.8300000,122.8800000,122.8300000,122.8800000,200
US1.IBM,1,20200715,114200,122.8500000,122.8700000,122.8500000,122.8700000,300
US1.IBM,1,20200715,114400,122.9300000,122.9300000,122.7700000,122.7700000,900
US1.IBM,1,20200715,114500,122.7400000,122.7400000,122.7400000,122.7400000,100
US1.IBM,1,20200715,114600,122.8100000,122.9000000,122.8100000,122.9000000,600
US1.IBM,1,20200715,114700,122.8100000,122.8100000,122.7500000,122.7500000,300
US1.IBM,1,20200715,114800,122.7800000,122.7800000,122.7400000,122.7400000,200
US1.IBM,1,20200715,114900,122.6700000,122.6800000,122.5900000,122.6000000,800
US1.IBM,1,20200715,115000,122.6600000,122.6600000,122.6600000,122.6600000,100
US1.IBM,1,20200715,115100,122.6300000,122.6900000,122.5600000,122.6900000,600
US1.IBM,1,20200715,115500,122.7400000,122.7700000,122.7300000,122.7300000,300
US1.IBM,1,20200715,115600,122.7400000,122.7400000,122.7400000,122.7400000,100
US1.IBM,1,20200715,115700,122.6700000,122.7100000,122.6700000,122.7100000,400
US1.IBM,1,20200715,115800,122.7500000,122.7500000,122.6700000,122.6700000,500
US1.IBM,1,20200715,115900,122.6600000,122.6800000,122.6600000,122.6800000,500
US1.IBM,1,20200715,120000,122.6600000,122.7200000,122.5000000,122.5000000,3449
US1.IBM,1,20200715,120100,122.4900000,122.5200000,122.4900000,122.5100000,1000
US1.IBM,1,20200715,120200,122.4800000,122.4800000,122.4100000,122.4500000,800
US1.IBM,1,20200715,120300,122.4900000,122.5000000,122.4600000,122.5000000,400
US1.IBM,1,20200715,120400,122.5200000,122.5400000,122.5200000,122.5300000,600
US1.IBM,1,20200715,120500,122.4800000,122.4900000,122.4500000,122.4500000,900
US1.IBM,1,20200715,120600,122.5100000,122.5700000,122.4700000,122.4700000,1000
US1.IBM,1,20200715,120700,122.4800000,122.5900000,122.4700000,122.5900000,800
US1.IBM,1,20200715,120800,122.5700000,122.5700000,122.5700000,122.5700000,100
US1.IBM,1,20200715,120900,122.5200000,122.5200000,122.4800000,122.4800000,600
US1.IBM,1,20200715,121100,122.5400000,122.5400000,122.3800000,122.3800000,400
US1.IBM,1,20200715,121300,122.4400000,122.4400000,122.3700000,122.3700000,400
US1.IBM,1,20200715,121400,122.3800000,122.4800000,122.3800000,122.4800000,200
US1.IBM,1,20200715,121500,122.5900000,122.5900000,122.5900000,122.5900000,100
US1.IBM,1,20200715,121600,122.6900000,122.6900000,122.6600000,122.6600000,500
US1.IBM,1,20200715,121700,122.6300000,122.7400000,122.6300000,122.7400000,600
US1.IBM,1,20200715,122000,122.7100000,122.7600000,122.7100000,122.7600000,400
US1.IBM,1,20200715,122100,122.7800000,122.8500000,122.7800000,122.8500000,500
US1.IBM,1,20200715,122200,122.7600000,122.7600000,122.7600000,122.7600000,100
US1.IBM,1,20200715,122300,122.7700000,122.7700000,122.7700000,122.7700000,200
US1.IBM,1,20200715,122400,122.7300000,122.7300000,122.7300000,122.7300000,300
US1.IBM,1,20200715,122500,122.8000000,122.8000000,122.7100000,122.7100000,800
US1.IBM,1,20200715,122600,122.7000000,122.7000000,122.7000000,122.7000000,100
US1.IBM,1,20200715,122700,122.7100000,122.7100000,122.5600000,122.5600000,500
US1.IBM,1,20200715,122800,122.6100000,122.6200000,122.6100000,122.6200000,300
US1.IBM,1,20200715,122900,122.7000000,122.7500000,122.7000000,122.7500000,499
US1.IBM,1,20200715,123000,122.7550000,122.7550000,122.7550000,122.7550000,200
US1.IBM,1,20200715,123100,122.6800000,122.6800000,122.6800000,122.6800000,100
US1.IBM,1,20200715,123200,122.7000000,122.7000000,122.7000000,122.7000000,100
US1.IBM,1,20200715,123300,122.6000000,122.6200000,122.6000000,122.6200000,200
US1.IBM,1,20200715,123400,122.6500000,122.6600000,122.5100000,122.5200000,500
US1.IBM,1,20200715,123500,122.5700000,122.6600000,122.5700000,122.6600000,400
US1.IBM,1,20200715,123600,122.6200000,122.6200000,122.5900000,122.5900000,438
US1.IBM,1,20200715,123700,122.7100000,122.7100000,122.7100000,122.7100000,100
US1.IBM,1,20200715,123800,122.6700000,122.6700000,122.5300000,122.5400000,492
US1.IBM,1,20200715,123900,122.5450000,122.5450000,122.5400000,122.5400000,200
US1.IBM,1,20200715,124000,122.4200000,122.4200000,122.4100000,122.4100000,200
US1.IBM,1,20200715,124200,122.3500000,122.4400000,122.3500000,122.4400000,300
US1.IBM,1,20200715,124300,122.4100000,122.4500000,122.4100000,122.4500000,259
US1.IBM,1,20200715,124400,122.4700000,122.4700000,122.4700000,122.4700000,200
US1.IBM,1,20200715,124500,122.4800000,122.5000000,122.4800000,122.5000000,500
US1.IBM,1,20200715,124600,122.4500000,122.4500000,122.4500000,122.4500000,200
US1.IBM,1,20200715,124700,122.4600000,122.5400000,122.4600000,122.5400000,400
US1.IBM,1,20200715,124800,122.6000000,122.6500000,122.5700000,122.6500000,1050
US1.IBM,1,20200715,124900,122.6050000,122.6050000,122.6050000,122.6050000,200
US1.IBM,1,20200715,125000,122.5700000,122.5900000,122.5700000,122.5900000,200
US1.IBM,1,20200715,125300,122.5400000,122.5500000,122.5400000,122.5500000,300
US1.IBM,1,20200715,125400,122.5950000,122.5950000,122.5950000,122.5950000,100
US1.IBM,1,20200715,125700,122.6000000,122.6100000,122.6000000,122.6100000,200
US1.IBM,1,20200715,125800,122.5700000,122.5800000,122.5700000,122.5800000,300
US1.IBM,1,20200715,125900,122.5600000,122.5600000,122.5300000,122.5300000,200
US1.IBM,1,20200715,130000,122.5400000,122.5400000,122.5400000,122.5400000,100
US1.IBM,1,20200715,130100,122.6300000,122.6300000,122.6300000,122.6300000,200
US1.IBM,1,20200715,130200,122.6500000,122.6600000,122.6500000,122.6600000,300
US1.IBM,1,20200715,130300,122.6200000,122.6200000,122.6200000,122.6200000,200
US1.IBM,1,20200715,130400,122.5700000,122.5800000,122.5600000,122.5800000,400
US1.IBM,1,20200715,130500,122.6500000,122.7300000,122.6500000,122.7300000,300
US1.IBM,1,20200715,130600,122.6700000,122.6800000,122.6700000,122.6800000,200
US1.IBM,1,20200715,130700,122.7400000,122.7400000,122.6800000,122.6800000,500
US1.IBM,1,20200715,130800,122.6700000,122.6900000,122.6700000,122.6900000,300
US1.IBM,1,20200715,130900,122.6700000,122.6700000,122.6700000,122.6700000,100
US1.IBM,1,20200715,131000,122.8700000,122.8900000,122.8300000,122.8400000,2000
US1.IBM,1,20200715,131100,122.8700000,122.9000000,122.8000000,122.8800000,1200
US1.IBM,1,20200715,131200,122.8000000,122.8100000,122.7900000,122.7900000,500
US1.IBM,1,20200715,131300,122.7400000,122.7700000,122.7400000,122.7400000,500
US1.IBM,1,20200715,131500,122.7300000,122.7300000,122.7200000,122.7200000,200
US1.IBM,1,20200715,131600,122.7200000,122.7400000,122.7200000,122.7400000,500
US1.IBM,1,20200715,131700,122.7200000,122.7200000,122.7200000,122.7200000,100
US1.IBM,1,20200715,131800,122.6700000,122.6750000,122.6300000,122.6300000,334
US1.IBM,1,20200715,131900,122.7300000,122.7300000,122.7300000,122.7300000,100
US1.IBM,1,20200715,132000,122.7900000,122.7900000,122.7500000,122.7500000,539
US1.IBM,1,20200715,132100,122.7900000,122.8100000,122.7900000,122.8000000,300
US1.IBM,1,20200715,132200,122.8000000,122.8500000,122.8000000,122.8500000,300
US1.IBM,1,20200715,132300,122.8400000,122.8500000,122.8200000,122.8200000,400
US1.IBM,1,20200715,132500,122.8700000,122.8700000,122.8400000,122.8400000,570
US1.IBM,1,20200715,132600,122.8200000,122.8400000,122.8000000,122.8000000,700
US1.IBM,1,20200715,132700,122.8000000,122.8000000,122.7500000,122.7900000,900
US1.IBM,1,20200715,132800,122.8300000,122.8300000,122.8300000,122.8300000,100
US1.IBM,1,20200715,132900,122.8300000,122.8300000,122.8300000,122.8300000,100
US1.IBM,1,20200715,133000,122.8000000,122.8000000,122.8000000,122.8000000,100
US1.IBM,1,20200715,133100,122.8600000,122.8600000,122.8600000,122.8600000,100
US1.IBM,1,20200715,133200,122.8500000,122.8500000,122.8300000,122.8500000,600
US1.IBM,1,20200715,133300,122.8700000,122.8900000,122.8700000,122.8900000,400
US1.IBM,1,20200715,133600,122.9000000,122.9000000,122.8500000,122.8800000,600
US1.IBM,1,20200715,133800,122.9300000,122.9900000,122.9300000,122.9900000,1005
US1.IBM,1,20200715,133900,122.9350000,122.9350000,122.9300000,122.9300000,200
US1.IBM,1,20200715,134100,122.9200000,122.9700000,122.9200000,122.9600000,400
US1.IBM,1,20200715,134200,122.9500000,122.9700000,122.9500000,122.9700000,200
US1.IBM,1,20200715,134400,123.0300000,123.0300000,123.0300000,123.0300000,100
US1.IBM,1,20200715,134500,123.0000000,123.0000000,123.0000000,123.0000000,100
US1.IBM,1,20200715,134700,123.0000000,123.0000000,123.0000000,123.0000000,100
US1.IBM,1,20200715,134800,122.9100000,122.9400000,122.9100000,122.9400000,1005
US1.IBM,1,20200715,134900,122.9600000,122.9600000,122.9600000,122.9600000,100
US1.IBM,1,20200715,135000,122.9200000,122.9300000,122.9200000,122.9300000,200
US1.IBM,1,20200715,135100,122.9300000,122.9300000,122.8850000,122.8900000,700
US1.IBM,1,20200715,135200,122.8700000,122.8900000,122.8700000,122.8900000,200
US1.IBM,1,20200715,135300,122.9200000,122.9200000,122.9200000,122.9200000,300
US1.IBM,1,20200715,135400,122.8300000,122.8400000,122.7700000,122.7900000,400
US1.IBM,1,20200715,135500,122.8200000,122.8200000,122.8200000,122.8200000,100
US1.IBM,1,20200715,135600,122.8100000,122.8200000,122.7700000,122.7700000,600
US1.IBM,1,20200715,135700,122.7100000,122.7400000,122.7100000,122.7400000,500
US1.IBM,1,20200715,135800,122.7200000,122.7200000,122.7200000,122.7200000,300
US1.IBM,1,20200715,135900,122.7400000,122.7700000,122.7400000,122.7700000,200
US1.IBM,1,20200715,140000,122.7600000,122.8100000,122.7600000,122.8100000,1267
US1.IBM,1,20200715,140100,122.7400000,122.7400000,122.6800000,122.7000000,2280
US1.IBM,1,20200715,140200,122.7600000,122.9200000,122.7500000,122.9000000,1900
US1.IBM,1,20200715,140300,122.9400000,123.0050000,122.9400000,123.0050000,596
US1.IBM,1,20200715,140400,123.0550000,123.0550000,123.0000000,123.0000000,400
US1.IBM,1,20200715,140500,122.9700000,123.0000000,122.9300000,122.9500000,800
US1.IBM,1,20200715,140600,122.9500000,123.0000000,122.9500000,123.0000000,400
US1.IBM,1,20200715,140700,122.9600000,122.9900000,122.9600000,122.9700000,500
US1.IBM,1,20200715,140900,122.8600000,122.8600000,122.8600000,122.8600000,200
US1.IBM,1,20200715,141000,122.8400000,122.8400000,122.8200000,122.8200000,400
US1.IBM,1,20200715,141100,122.8700000,122.9100000,122.8700000,122.8700000,700
US1.IBM,1,20200715,141200,122.8800000,122.8800000,122.8800000,122.8800000,100
US1.IBM,1,20200715,141400,122.8600000,122.8600000,122.8600000,122.8600000,101
US1.IBM,1,20200715,141600,122.8400000,122.8400000,122.8000000,122.8000000,400
US1.IBM,1,20200715,141700,122.7900000,122.7900000,122.7900000,122.7900000,100
US1.IBM,1,20200715,141800,122.8300000,122.8700000,122.8300000,122.8500000,500
US1.IBM,1,20200715,141900,122.8600000,122.8900000,122.8500000,122.8500000,500
US1.IBM,1,20200715,142000,122.8400000,122.8400000,122.8300000,122.8300000,300
US1.IBM,1,20200715,142100,122.7400000,122.8100000,122.7400000,122.8100000,700
US1.IBM,1,20200715,142300,122.7400000,122.7600000,122.7400000,122.7600000,227
US1.IBM,1,20200715,142400,122.7700000,122.7700000,122.7700000,122.7700000,100
US1.IBM,1,20200715,142600,122.7400000,122.7800000,122.7400000,122.7800000,300
US1.IBM,1,20200715,142700,122.7600000,122.7600000,122.7000000,122.7200000,400
US1.IBM,1,20200715,142800,122.7900000,122.7950000,122.7750000,122.7750000,980
US1.IBM,1,20200715,142900,122.7900000,122.8300000,122.7900000,122.8300000,900
US1.IBM,1,20200715,143000,122.8000000,122.8000000,122.8000000,122.8000000,100
US1.IBM,1,20200715,143100,122.7700000,122.8150000,122.7700000,122.8050000,1015
US1.IBM,1,20200715,143200,122.8350000,122.8350000,122.8300000,122.8300000,200
US1.IBM,1,20200715,143300,122.8500000,122.8800000,122.8500000,122.8800000,300
US1.IBM,1,20200715,143400,122.8800000,122.9500000,122.8800000,122.9400000,1000
US1.IBM,1,20200715,143500,122.9000000,122.9000000,122.9000000,122.9000000,100
US1.IBM,1,20200715,143600,122.8700000,122.8700000,122.8700000,122.8700000,100
US1.IBM,1,20200715,143700,122.8300000,122.8300000,122.8100000,122.8300000,1000
US1.IBM,1,20200715,143900,122.8200000,122.8400000,122.8200000,122.8400000,200
US1.IBM,1,20200715,144000,122.8600000,122.8600000,122.8600000,122.8600000,100
US1.IBM,1,20200715,144100,122.8900000,122.9200000,122.8900000,122.9100000,500
US1.IBM,1,20200715,144200,122.9300000,122.9400000,122.9250000,122.9400000,400
US1.IBM,1,20200715,144300,122.9200000,122.9300000,122.8900000,122.8900000,300
US1.IBM,1,20200715,144400,122.8600000,122.8600000,122.8600000,122.8600000,100
US1.IBM,1,20200715,144500,122.8400000,122.8400000,122.8100000,122.8100000,300
US1.IBM,1,20200715,144600,122.7750000,122.7750000,122.7600000,122.7700000,469
US1.IBM,1,20200715,144700,122.8450000,122.8500000,122.8450000,122.8500000,338
US1.IBM,1,20200715,144800,122.7850000,122.8600000,122.7850000,122.8600000,800
US1.IBM,1,20200715,144900,122.8600000,122.8600000,122.8600000,122.8600000,100
US1.IBM,1,20200715,145000,122.9100000,122.9100000,122.8900000,122.8900000,200
US1.IBM,1,20200715,145100,122.8700000,122.8700000,122.8700000,122.8700000,400
US1.IBM,1,20200715,145300,122.8600000,122.8800000,122.8600000,122.8800000,300
US1.IBM,1,20200715,145400,122.7700000,122.7700000,122.7200000,122.7500000,600
US1.IBM,1,20200715,145500,122.7600000,122.7600000,122.6300000,122.6300000,750
US1.IBM,1,20200715,145600,122.6100000,122.6100000,122.5600000,122.5900000,500
US1.IBM,1,20200715,145700,122.6800000,122.6800000,122.6100000,122.6100000,699
US1.IBM,1,20200715,145800,122.5800000,122.5900000,122.5800000,122.5900000,400
US1.IBM,1,20200715,145900,122.5900000,122.5900000,122.5900000,122.5900000,100
US1.IBM,1,20200715,150000,122.5300000,122.5300000,122.4700000,122.4900000,333
US1.IBM,1,20200715,150100,122.4400000,122.5700000,122.4400000,122.5700000,600
US1.IBM,1,20200715,150200,122.5900000,122.6000000,122.5600000,122.5900000,849
US1.IBM,1,20200715,150300,122.6300000,122.6500000,122.5600000,122.6200000,1400
US1.IBM,1,20200715,150400,122.6500000,122.6500000,122.6500000,122.6500000,200
US1.IBM,1,20200715,150500,122.6300000,122.6300000,122.5700000,122.5700000,1000
US1.IBM,1,20200715,150600,122.5700000,122.5700000,122.4400000,122.4500000,1200
US1.IBM,1,20200715,150700,122.4100000,122.5100000,122.4100000,122.5100000,883
US1.IBM,1,20200715,150800,122.4950000,122.4950000,122.4500000,122.4500000,300
US1.IBM,1,20200715,150900,122.4800000,122.5000000,122.4800000,122.5000000,200
US1.IBM,1,20200715,151000,122.4700000,122.4900000,122.4700000,122.4900000,400
US1.IBM,1,20200715,151100,122.4300000,122.4400000,122.3500000,122.3500000,700
US1.IBM,1,20200715,151200,122.3750000,122.3750000,122.3200000,122.3300000,500
US1.IBM,1,20200715,151300,122.4300000,122.4600000,122.4300000,122.4600000,500
US1.IBM,1,20200715,151400,122.3700000,122.3700000,122.3700000,122.3700000,100
US1.IBM,1,20200715,151500,122.3900000,122.4300000,122.3900000,122.4000000,300
US1.IBM,1,20200715,151600,122.3600000,122.4100000,122.2700000,122.3200000,832
US1.IBM,1,20200715,151700,122.3000000,122.3500000,122.3000000,122.3500000,500
US1.IBM,1,20200715,151800,122.4100000,122.4700000,122.4100000,122.4700000,300
US1.IBM,1,20200715,151900,122.4800000,122.5100000,122.4800000,122.5100000,300
US1.IBM,1,20200715,152000,122.5100000,122.5700000,122.5100000,122.5700000,800
US1.IBM,1,20200715,152100,122.5500000,122.5500000,122.5500000,122.5500000,100
US1.IBM,1,20200715,152200,122.5600000,122.6000000,122.5600000,122.6000000,300
US1.IBM,1,20200715,152300,122.6200000,122.6200000,122.6200000,122.6200000,100
US1.IBM,1,20200715,152400,122.6400000,122.6400000,122.5900000,122.6200000,700
US1.IBM,1,20200715,152500,122.6200000,122.6700000,122.5900000,122.6700000,1600
US1.IBM,1,20200715,152600,122.6500000,122.6600000,122.6200000,122.6200000,300
US1.IBM,1,20200715,152700,122.5700000,122.6200000,122.5700000,122.6200000,617
US1.IBM,1,20200715,152800,122.6200000,122.6800000,122.6200000,122.6800000,900
US1.IBM,1,20200715,152900,122.7700000,122.8000000,122.7400000,122.8000000,600
US1.IBM,1,20200715,153000,122.8200000,122.8200000,122.7500000,122.7600000,942
US1.IBM,1,20200715,153100,122.7500000,122.9000000,122.7000000,122.9000000,1700
US1.IBM,1,20200715,153200,122.9050000,122.9050000,122.8400000,122.8600000,700
US1.IBM,1,20200715,153300,122.9000000,122.9000000,122.8100000,122.8100000,600
US1.IBM,1,20200715,153400,122.8400000,122.8600000,122.8400000,122.8400000,400
US1.IBM,1,20200715,153500,122.9300000,122.9300000,122.9200000,122.9300000,300
US1.IBM,1,20200715,153600,122.9100000,122.9200000,122.8900000,122.9200000,500
US1.IBM,1,20200715,153700,122.9400000,123.0100000,122.9400000,123.0100000,800
US1.IBM,1,20200715,153800,122.9700000,123.0400000,122.9700000,123.0200000,700
US1.IBM,1,20200715,153900,123.0000000,123.0000000,122.9700000,122.9800000,400
US1.IBM,1,20200715,154000,122.9600000,122.9800000,122.9300000,122.9800000,700
